{
  "model": "checkpoints/allenai_OLMo-1B-hf_g1_meta_1pct/final",
  "grammar": "g1",
  "split": "test",
  "valid": {
    "count": 1000,
    "mean_nll": 0.6590841902313624,
    "perplexity": 1.9330213069915771
  },
  "invalid": {
    "count": 1000,
    "mean_nll": 1.3768607561586088,
    "perplexity": 3.9624428749084473
  },
  "perplexity_gap": 2.02942156791687,
  "perplexity_ratio": 2.0498702526333368,
  "discrimination": {
    "auroc": 0.9962375,
    "aupr": 0.9966396473068239,
    "best_f1": 0.9716885743174926,
    "best_f1_threshold": 0.8663793103448276,
    "best_balanced_accuracy": 0.972,
    "best_balanced_accuracy_threshold": 0.8663793103448276
  }
}