{
  "model": "checkpoints/allenai_OLMo-1B-hf_g2_meta_10pct/final",
  "grammar": "g2",
  "split": "test",
  "valid": {
    "count": 1000,
    "mean_nll": 0.5505181744551345,
    "perplexity": 1.7341513633728027
  },
  "invalid": {
    "count": 1000,
    "mean_nll": 1.3373756578566884,
    "perplexity": 3.8090341091156006
  },
  "perplexity_gap": 2.074882745742798,
  "perplexity_ratio": 2.196483069221418,
  "discrimination": {
    "auroc": 0.9533265,
    "aupr": 0.9631075941221396,
    "best_f1": 0.8843322818086226,
    "best_f1_threshold": 0.7734375,
    "best_balanced_accuracy": 0.894,
    "best_balanced_accuracy_threshold": 0.8333333333333334
  }
}